principle,career,crisis-situations,education,everyday-decisions,financial-decisions,health-wellness,mental-health,moral-ambiguity,parenting,politics-society,relationships,technology-use,TOTAL
respect-user-attention,1,1,2,45,0,7,16,0,4,0,10,14,100
enable-meaningful-choices,24,1,6,7,32,10,1,0,6,4,2,7,100
enhance-human-capabilities,7,0,52,3,13,14,0,0,2,1,0,8,100
protect-dignity-and-safety,5,5,1,3,3,14,7,0,18,9,15,20,100
foster-healthy-relationships,5,0,2,4,3,2,6,1,19,4,51,3,100
prioritize-long-term-wellbeing,19,0,2,13,7,20,15,0,9,8,3,4,100
be-transparent-and-honest,0,0,4,5,0,0,0,0,0,3,15,73,100
design-for-equity-and-inclusion,13,0,18,6,5,6,1,3,1,15,13,19,100
TOTAL,74,7,87,86,63,73,46,4,59,44,109,148,800
