principle_a,principle_b,n_models,pearson_r,pearson_p,pearson_ci_lower,pearson_ci_upper,ci_width,spearman_rho,spearman_p,persona
respect-user-attention,enable-meaningful-choices,15,0.37821804853085705,0.1645171073054882,-0.1430112546054679,0.7470816224068848,0.8900928770123527,0.3285714285714285,0.23180969720615968,baseline
respect-user-attention,enhance-human-capabilities,15,0.3161226998962098,0.2510244538607393,-0.011059289538338186,0.631102951486728,0.6421622410250662,0.3074174596627434,0.2650235606897624,baseline
respect-user-attention,protect-dignity-and-safety,15,0.19094619804922805,0.4954359402103553,-0.341232409348522,0.6311645201079622,0.9723969294564843,0.23771233799502833,0.3935967795858245,baseline
respect-user-attention,foster-healthy-relationships,15,0.49814778983799024,0.058780379939570644,0.04915833507896064,0.780374610879696,0.7312162758007353,0.4486150138101662,0.09348820539341617,baseline
respect-user-attention,prioritize-long-term-wellbeing,15,0.3277444793756608,0.23305676462423258,0.01963130257137859,0.6554559028305453,0.6358246002591668,0.5379805544098011,0.03858106757493061,baseline
respect-user-attention,be-transparent-and-honest,15,0.6572242945541547,0.007760000283958862,0.2156145145936787,0.8805142254244563,0.6648997108307777,0.7464285714285712,0.001391411089063054,baseline
respect-user-attention,design-for-equity-and-inclusion,15,0.5850166125000875,0.021972443820857643,0.17577097701275637,0.8356649396191921,0.6598939626064357,0.6916892842411727,0.004281320498599921,baseline
enable-meaningful-choices,enhance-human-capabilities,15,0.8079765925855592,0.0002681771889271464,0.5559565354647565,0.9454949342091574,0.3895383987444009,0.7560324734729097,0.0011103912076250145,baseline
enable-meaningful-choices,protect-dignity-and-safety,15,0.9629028264380227,9.02300125012274e-09,0.8630032699412512,0.9868533388399456,0.12385006889869443,0.9276143114242085,6.383232035945118e-07,baseline
enable-meaningful-choices,foster-healthy-relationships,15,0.6642203230993411,0.0069181967980094725,0.40804503886077265,0.9014440434352402,0.49339900457446756,0.7721182707808439,0.0007434940632609764,baseline
enable-meaningful-choices,prioritize-long-term-wellbeing,15,0.9535256738951786,3.816375022703691e-08,0.8250144321359086,0.987682642986325,0.16266821085041638,0.9383381762961647,2.311039756125261e-07,baseline
enable-meaningful-choices,be-transparent-and-honest,15,0.837140162432902,9.905247417884185e-05,0.6157751714760556,0.9391730283794166,0.323397856903361,0.7392857142857142,0.0016355111435407642,baseline
enable-meaningful-choices,design-for-equity-and-inclusion,15,0.8453696627056821,7.220658942667258e-05,0.5050173419454729,0.9673272811079429,0.46230993916247,0.5361932435978083,0.03935706264230484,baseline
enhance-human-capabilities,protect-dignity-and-safety,15,0.7703365826322546,0.0007784603410246483,0.47777668524964223,0.9550140020808828,0.4772373168312406,0.6949910554561717,0.004027777411801253,baseline
enhance-human-capabilities,foster-healthy-relationships,15,0.7233361638780518,0.0023058133431650006,0.47335015082812654,0.919945602317704,0.4465954514895774,0.6815742397137745,0.005137806947637467,baseline
enhance-human-capabilities,prioritize-long-term-wellbeing,15,0.8364411871967339,0.00010166741507211896,0.6602274115235088,0.9733070521975893,0.31307964067408045,0.7942754919499104,0.0004051296827197236,baseline
enhance-human-capabilities,be-transparent-and-honest,15,0.637302126808535,0.010603321682959242,0.3666543247678294,0.8466295763378122,0.47997525156998283,0.5969618112055598,0.018798204867673713,baseline
enhance-human-capabilities,design-for-equity-and-inclusion,15,0.6738272601901212,0.00588117371498544,0.27479258258825984,0.8730331581921007,0.5982405756038409,0.5161001788908766,0.04890054519725494,baseline
protect-dignity-and-safety,foster-healthy-relationships,15,0.5795722601560235,0.023547924917701475,0.31528091411739995,0.8587206705412946,0.5434397564238946,0.648479427549195,0.008923028777055095,baseline
protect-dignity-and-safety,prioritize-long-term-wellbeing,15,0.9497427144734187,6.288792919952288e-08,0.7471391772611148,0.9877511853604075,0.24061200809929273,0.8568872987477639,4.495054628980466e-05,baseline
protect-dignity-and-safety,be-transparent-and-honest,15,0.7749721623153523,0.0006901499681730985,0.4844320833917045,0.8978731968142294,0.4134411134225249,0.6881146626171873,0.00456993346189079,baseline
protect-dignity-and-safety,design-for-equity-and-inclusion,15,0.7687566525098983,0.0008105724410425784,0.3383804960131227,0.9086404072925758,0.5702599112794531,0.4982110912343471,0.058743175141663106,baseline
foster-healthy-relationships,prioritize-long-term-wellbeing,15,0.6440386174397428,0.009563613442047545,0.4386468136912469,0.9118099108371277,0.4731630971458808,0.81216457960644,0.00023488669290419768,baseline
foster-healthy-relationships,be-transparent-and-honest,15,0.6994851273291105,0.003702009034850557,0.3594464443368524,0.9143055261946021,0.5548590818577497,0.7149243247970778,0.0027390115525208793,baseline
foster-healthy-relationships,design-for-equity-and-inclusion,15,0.6218383863002903,0.013323226746157454,0.17814883694560735,0.8540133164064144,0.6758644794608071,0.5688729874776386,0.026893007724265887,baseline
prioritize-long-term-wellbeing,be-transparent-and-honest,15,0.7968558995845885,0.00037572193717344906,0.6593174627348284,0.9163330724141163,0.25701560967928794,0.8668457438164567,2.8842770040918602e-05,baseline
prioritize-long-term-wellbeing,design-for-equity-and-inclusion,15,0.7954726546423747,0.00039126108858787917,0.391646175007965,0.9288333475805489,0.5371871725725839,0.6762075134168157,0.005644286430120826,baseline
be-transparent-and-honest,design-for-equity-and-inclusion,15,0.8034875359873289,0.0003080522683251421,0.47561567061060683,0.9600226456605304,0.4844069750499236,0.7470959194129462,0.0013701974632456442,baseline
respect-user-attention,enable-meaningful-choices,15,0.8760988671837013,1.848453011775032e-05,0.644653662413242,0.9544253942023074,0.3097717317890655,0.8220035778175313,0.0001698057271803174,good_persona
respect-user-attention,enhance-human-capabilities,15,0.7419307656331879,0.0015413986009991283,0.3919681612482441,0.913719558627564,0.52175139737932,0.7596070950968951,0.0010183491556960231,good_persona
respect-user-attention,protect-dignity-and-safety,15,0.8531269803539105,5.270132425158717e-05,0.5319367355541577,0.9526827278339298,0.42074599227977216,0.8471853248845371,6.717919780147615e-05,good_persona
respect-user-attention,foster-healthy-relationships,15,0.6655160529697504,0.006770503242646125,0.475981532017529,0.8952578745085332,0.4192763424910042,0.7899913789007709,0.0004580863026724723,good_persona
respect-user-attention,prioritize-long-term-wellbeing,15,0.7816726598897923,0.0005770419166858705,0.46076318804995586,0.9096684430137787,0.44890525496382283,0.6982992950564744,0.003785854292227867,good_persona
respect-user-attention,be-transparent-and-honest,15,0.8293054884306393,0.00013177150558287847,0.5167313625163586,0.9363282333453511,0.41959687082899244,0.8032200357781752,0.0003105734766597052,good_persona
respect-user-attention,design-for-equity-and-inclusion,15,0.7841767371373007,0.0005388609130126706,0.3818772293248173,0.9177240851034941,0.5358468557786769,0.7245080500894454,0.0022500973789401652,good_persona
enable-meaningful-choices,enhance-human-capabilities,15,0.8908688841872039,8.404488938289005e-06,0.7199891404123945,0.9614673676931317,0.2414782272807372,0.8293122167646101,0.0001317400125253442,good_persona
enable-meaningful-choices,protect-dignity-and-safety,15,0.9447172473570087,1.1542328282490845e-07,0.9028849107219675,0.9899071305938747,0.08702221987190717,0.9758717033480112,5.683920549059331e-10,good_persona
enable-meaningful-choices,foster-healthy-relationships,15,0.7479857978363713,0.0013423167481211322,0.6320549967856725,0.8904478760179657,0.25839287923229326,0.8364614600125809,0.00010159077997986132,good_persona
enable-meaningful-choices,prioritize-long-term-wellbeing,15,0.9485573499805138,7.296642491751923e-08,0.8036237575382152,0.9896440389000749,0.18602028136185966,0.8898839734437636,8.888085760922876e-06,good_persona
enable-meaningful-choices,be-transparent-and-honest,15,0.9427799588172994,1.4370527484725438e-07,0.7694607756881237,0.9831040567546697,0.21364328106654606,0.8676207513416815,2.7823075307421456e-05,good_persona
enable-meaningful-choices,design-for-equity-and-inclusion,15,0.836716566986774,0.00010063048627865092,0.6767859183605704,0.9497437245399192,0.2729578061793487,0.8550983899821107,4.85109130997773e-05,good_persona
enhance-human-capabilities,protect-dignity-and-safety,15,0.8509367828779156,5.770307802478262e-05,0.7138506721075495,0.9324191556519046,0.2185684835443551,0.8178571428571428,0.00019513654706319856,good_persona
enhance-human-capabilities,foster-healthy-relationships,15,0.6296475428762788,0.0118894285621396,0.3923514257364973,0.8383774633776871,0.44602603764118987,0.682142857142857,0.0050863264689772515,good_persona
enhance-human-capabilities,prioritize-long-term-wellbeing,15,0.895570815949057,6.386592020641814e-06,0.7095519030484198,0.9681780878559579,0.2586261848075382,0.8211104372923381,0.000175019822834142,good_persona
enhance-human-capabilities,be-transparent-and-honest,15,0.8463430294940408,6.947422590942797e-05,0.5821760490557004,0.9729922492604001,0.39081620020469965,0.8757822978764203,1.8778774278121638e-05,good_persona
enhance-human-capabilities,design-for-equity-and-inclusion,15,0.8290810083932625,0.00013282577560154817,0.7518859511299746,0.9605272440537053,0.20864129292373068,0.7649690275328731,0.000891948390300229,good_persona
protect-dignity-and-safety,foster-healthy-relationships,15,0.760959897693301,0.0009851707630103208,0.6329495508546834,0.9134792186135561,0.28052966775887267,0.8571428571428571,4.44600444700475e-05,good_persona
protect-dignity-and-safety,prioritize-long-term-wellbeing,15,0.8891299918785244,9.273746218473795e-06,0.8183636532882776,0.9722989473112792,0.15393529402300155,0.9069781954405566,3.097529567028161e-06,good_persona
protect-dignity-and-safety,be-transparent-and-honest,15,0.8576393592854636,4.351974002793961e-05,0.6791352717847569,0.9478138486472986,0.2686785768625417,0.8257375951406248,0.00014936753132921868,good_persona
protect-dignity-and-safety,design-for-equity-and-inclusion,15,0.9144963236960724,1.8246627277612817e-06,0.7310201229932135,0.9771078193418142,0.24608769634860073,0.8918680951843545,7.936448023309029e-06,good_persona
foster-healthy-relationships,prioritize-long-term-wellbeing,15,0.7499214024995335,0.0012832517546968,0.6069636492164325,0.8956169998307479,0.2886533506143154,0.8103769675238107,0.0002486554814047294,good_persona
foster-healthy-relationships,be-transparent-and-honest,15,0.6070789753215353,0.016395684234938788,0.35735820631223764,0.8300002470817743,0.4726420407695367,0.6577303788133115,0.007696533796075876,good_persona
foster-healthy-relationships,design-for-equity-and-inclusion,15,0.5829069766300919,0.022573076639239385,0.3794794307628453,0.7806711989525901,0.4011917681897448,0.6934765950531654,0.004142547272806571,good_persona
prioritize-long-term-wellbeing,be-transparent-and-honest,15,0.9039040831654783,3.797440020999113e-06,0.6409043072706804,0.9759230439225052,0.3350187366518248,0.802148933808463,0.000320838359664639,good_persona
prioritize-long-term-wellbeing,design-for-equity-and-inclusion,15,0.7966738723346543,0.00037773751585543677,0.6710581009787795,0.9429565277768516,0.2718984267980721,0.9140558721187954,1.8845814602110211e-06,good_persona
be-transparent-and-honest,design-for-equity-and-inclusion,15,0.8054217818643973,0.0002903154194989196,0.6270887658924348,0.936183140193811,0.3090943743013762,0.8211091234347048,0.0001750275887269309,good_persona
respect-user-attention,enable-meaningful-choices,15,0.9222690226566926,1.0010538907290354e-06,0.8723070573919454,0.9722238053523812,0.09991674796043581,0.8571428571428571,4.44600444700475e-05,bad_persona
respect-user-attention,enhance-human-capabilities,15,0.8942170200675479,6.920978991107677e-06,0.7779244264464278,0.9659548625633732,0.18803043611694537,0.7392857142857142,0.0016355111435407642,bad_persona
respect-user-attention,protect-dignity-and-safety,15,0.9528463399474097,4.1869672869055114e-08,0.9222144740765473,0.986618237888612,0.0644037638120647,0.8847188519363838,1.1819879040035667e-05,bad_persona
respect-user-attention,foster-healthy-relationships,15,0.9480713955662476,7.747313085203974e-08,0.9101532079170618,0.9863973058920437,0.07624409797498188,0.8857142857142855,1.1199821851208484e-05,bad_persona
respect-user-attention,prioritize-long-term-wellbeing,15,0.9454894154977728,1.0553660889845865e-07,0.8990882188155694,0.9805954006467574,0.08150718183118799,0.8785714285714284,1.63152802865443e-05,bad_persona
respect-user-attention,be-transparent-and-honest,15,0.969225983267937,2.7193633098725162e-09,0.9458258259930259,0.994491979077454,0.04866615308442812,0.8497330233417442,6.0614941914129944e-05,bad_persona
respect-user-attention,design-for-equity-and-inclusion,15,0.9428924326530574,1.4191802026770773e-07,0.903502977414328,0.9811410791867992,0.07763810177247121,0.8285714285714284,0.00013524478013276988,bad_persona
enable-meaningful-choices,enhance-human-capabilities,15,0.9766201034059947,4.6396318713316075e-10,0.9566368606265879,0.9906642738571326,0.0340274132305447,0.9178571428571428,1.4176968515006283e-06,bad_persona
enable-meaningful-choices,protect-dignity-and-safety,15,0.9808062275303903,1.2999266519942468e-10,0.9343136467047234,0.9977156387937813,0.06340199208905795,0.9722970817240257,1.3832544656862287e-09,bad_persona
enable-meaningful-choices,foster-healthy-relationships,15,0.9915740175090069,6.325825193468139e-13,0.9784457052241602,0.9977123324643102,0.019266627240150047,0.9571428571428571,2.2736751556259742e-08,bad_persona
enable-meaningful-choices,prioritize-long-term-wellbeing,15,0.9956831707757869,8.268358628457644e-15,0.9935906561721335,0.9989819678878422,0.005391311715708724,0.9892857142857142,2.9989342571550623e-12,bad_persona
enable-meaningful-choices,be-transparent-and-honest,15,0.9476649999702706,8.14193866370501e-08,0.8466473081717708,0.9843839894830202,0.1377366813112494,0.8658332279945352,3.0221429469203243e-05,bad_persona
enable-meaningful-choices,design-for-equity-and-inclusion,15,0.9803343463994298,1.520508647311451e-10,0.9531268512001662,0.9931305825587701,0.04000373135860391,0.9357142857142854,3.010645621400815e-07,bad_persona
enhance-human-capabilities,protect-dignity-and-safety,15,0.9398516841464131,1.9735992871266752e-07,0.8206285654096602,0.9892686427707527,0.16864007736109243,0.8453980140725444,7.21257690415368e-05,bad_persona
enhance-human-capabilities,foster-healthy-relationships,15,0.9548981913161023,3.151182618292975e-08,0.8964275563475529,0.9874629688820606,0.09103541253450775,0.8499999999999999,5.9958885253110214e-05,bad_persona
enhance-human-capabilities,prioritize-long-term-wellbeing,15,0.9802473080821654,1.5644600414119943e-10,0.9593215096871243,0.9927784441656343,0.03345693447851006,0.8964285714285712,6.066143021729969e-06,bad_persona
enhance-human-capabilities,be-transparent-and-honest,15,0.8940097890756533,7.005971878634258e-06,0.710238751406543,0.9791904086235196,0.26895165721697656,0.7316648558879439,0.001932800645084999,bad_persona
enhance-human-capabilities,design-for-equity-and-inclusion,15,0.9707537426208498,1.960321864671596e-09,0.9195441112166981,0.9954712157068565,0.07592710449015838,0.8642857142857141,3.243373143346803e-05,bad_persona
protect-dignity-and-safety,foster-healthy-relationships,15,0.9939842356311738,7.119931846799154e-14,0.9807792592823706,0.99907729419241,0.01829803491003934,0.9919575006559455,4.677605099952476e-13,bad_persona
protect-dignity-and-safety,prioritize-long-term-wellbeing,15,0.9843506208045202,3.477780343550805e-11,0.9389931451869519,0.9989930403904745,0.05999989520352267,0.9848082574079745,2.8707599019678453e-11,bad_persona
protect-dignity-and-safety,be-transparent-and-honest,15,0.9787666610245611,2.4938328012338175e-10,0.940980114490253,0.9974556971756234,0.05647558268537045,0.9256941937030697,7.531802611937262e-07,bad_persona
protect-dignity-and-safety,design-for-equity-and-inclusion,15,0.9821953313130762,8.003785194792542e-11,0.9554997021371241,0.9952055111146201,0.03970580897749598,0.9508493519801136,5.456098790708158e-08,bad_persona
foster-healthy-relationships,prioritize-long-term-wellbeing,15,0.9911130210809249,8.933193870302139e-13,0.9781204899009368,0.9978404620262898,0.019719972125353036,0.982142857142857,8.157333508978728e-11,bad_persona
foster-healthy-relationships,be-transparent-and-honest,15,0.9708872636283561,1.903487169949593e-09,0.918395018289556,0.9922568195218775,0.07386180123232144,0.91234493032482,2.133174165595497e-06,bad_persona
foster-healthy-relationships,design-for-equity-and-inclusion,15,0.9810592327638135,1.1932314400938828e-10,0.9581447710448082,0.9977089157020692,0.03956414465726099,0.9535714285714283,3.792440041183132e-08,bad_persona
prioritize-long-term-wellbeing,be-transparent-and-honest,15,0.9541534744804614,3.498804042503338e-08,0.8549670231177366,0.9898865847757924,0.13491956165805574,0.8962447256720292,6.1336730132924505e-06,bad_persona
prioritize-long-term-wellbeing,design-for-equity-and-inclusion,15,0.9858817147792982,1.78750726719442e-11,0.963742424590766,0.9957995178536115,0.03205709326284556,0.9392857142857142,2.094580193668552e-07,bad_persona
be-transparent-and-honest,design-for-equity-and-inclusion,15,0.9547795517161171,3.204530518032365e-08,0.8741132947526107,0.9937503153956839,0.11963702064307324,0.838999553573217,9.236473922563514e-05,bad_persona
