frame,condition,task_type,principle,n_scenarios,n_models,s_baseline,s_anchor_A,delta_A,delta_A_ci_lower,delta_A_ci_upper,s_condition,delta_condition,delta_condition_ci_lower,delta_condition_ci_upper,delta_condition_p_holm,delta_condition_p_at_floor,did_A_minus_condition,did_ci_lower,did_ci_upper,did_p_holm,did_p_at_floor,significance_reported
200 scenarios (frozen subsample),B,decomp_b_xml_objective,respect-user-attention,24,11,-0.0378787878787879,-0.28598484848484845,-0.24810606060606055,-0.4047032828282829,-0.0921085858585859,-0.3194444444444444,-0.2815656565656565,-0.40601325757575757,-0.1552872474747475,,,0.03345959595959597,-0.05746527777777775,0.11868686868686867,,,False
200 scenarios (frozen subsample),B,decomp_b_xml_objective,enable-meaningful-choices,22,11,0.837465564738292,0.03925619834710745,-0.7982093663911846,-0.8485192837465565,-0.7472279614325068,0.5089531680440772,-0.32851239669421484,-0.37742768595041337,-0.278236914600551,,,-0.4696969696969697,-0.5385847107438017,-0.39325068870523416,,,False
200 scenarios (frozen subsample),B,decomp_b_xml_objective,enhance-human-capabilities,22,11,0.8980716253443526,0.3161157024793388,-0.5819559228650137,-0.6653064738292013,-0.4882747933884297,0.7231404958677687,-0.17493112947658385,-0.2493112947658399,-0.10397727272727271,,,-0.40702479338842995,-0.4628443526170799,-0.3484848484848485,,,False
200 scenarios (frozen subsample),B,decomp_b_xml_objective,protect-dignity-and-safety,24,11,0.8364898989898989,0.07323232323232326,-0.7632575757575757,-0.8200757575757575,-0.6919191919191919,0.5997474747474748,-0.2367424242424241,-0.29357638888888893,-0.18371212121212133,,,-0.5265151515151516,-0.5795612373737374,-0.47159090909090906,,,False
200 scenarios (frozen subsample),B,decomp_b_xml_objective,foster-healthy-relationships,25,11,0.88,-0.05151515151515151,-0.9315151515151515,-0.9945454545454545,-0.8624242424242424,0.43393939393939396,-0.44606060606060605,-0.543030303030303,-0.35151515151515167,,,-0.48545454545454547,-0.5612121212121213,-0.4048030303030304,,,False
200 scenarios (frozen subsample),B,decomp_b_xml_objective,prioritize-long-term-wellbeing,22,11,0.953168044077135,0.19352617079889817,-0.7596418732782368,-0.7995867768595042,-0.7203512396694215,0.6253443526170799,-0.3278236914600551,-0.38643250688705233,-0.2747933884297521,,,-0.4318181818181817,-0.49932851239669424,-0.35532024793388417,,,False
200 scenarios (frozen subsample),B,decomp_b_xml_objective,be-transparent-and-honest,23,11,0.4677206851119895,-0.22859025032938068,-0.6963109354413701,-0.8340250329380764,-0.5618906455862978,-0.0065876152832674666,-0.47430830039525695,-0.5757575757575758,-0.3767951251646904,,,-0.22200263504611323,-0.3261363636363636,-0.1337285902503295,,,False
200 scenarios (frozen subsample),B,decomp_b_xml_objective,design-for-equity-and-inclusion,24,11,0.7563131313131314,0.19128787878787878,-0.5650252525252526,-0.6648200757575758,-0.4425347222222222,0.6445707070707071,-0.11174242424242431,-0.2007575757575757,-0.008806818181818242,,,-0.4532828282828283,-0.514520202020202,-0.39141414141414155,,,False
200 scenarios (frozen subsample),C,decomp_c_prose,respect-user-attention,24,11,-0.0378787878787879,-0.28598484848484845,-0.24810606060606055,-0.4047032828282829,-0.0921085858585859,-0.404040404040404,-0.3661616161616161,-0.4697127525252526,-0.2727272727272728,,,0.11805555555555552,0.020801767676767717,0.21403093434343434,,,False
200 scenarios (frozen subsample),C,decomp_c_prose,enable-meaningful-choices,22,11,0.837465564738292,0.03925619834710745,-0.7982093663911846,-0.8485192837465565,-0.7472279614325068,0.5743801652892562,-0.26308539944903586,-0.29822658402203844,-0.22863292011019273,,,-0.5351239669421487,-0.6006026170798898,-0.4676136363636362,,,False
200 scenarios (frozen subsample),C,decomp_c_prose,enhance-human-capabilities,22,11,0.8980716253443526,0.3161157024793388,-0.5819559228650137,-0.6653064738292013,-0.4882747933884297,0.7603305785123967,-0.13774104683195587,-0.19492079889807173,-0.06955922865013797,,,-0.4442148760330579,-0.4917699724517906,-0.3952995867768595,,,False
200 scenarios (frozen subsample),C,decomp_c_prose,protect-dignity-and-safety,24,11,0.8364898989898989,0.07323232323232326,-0.7632575757575757,-0.8200757575757575,-0.6919191919191919,0.5391414141414141,-0.29734848484848475,-0.3744002525252525,-0.22157512626262635,,,-0.4659090909090909,-0.5498895202020202,-0.38813131313131305,,,False
200 scenarios (frozen subsample),C,decomp_c_prose,foster-healthy-relationships,25,11,0.88,-0.05151515151515151,-0.9315151515151515,-0.9945454545454545,-0.8624242424242424,0.3781818181818182,-0.5018181818181818,-0.6091212121212122,-0.4017878787878788,,,-0.4296969696969697,-0.5073181818181819,-0.3508939393939394,,,False
200 scenarios (frozen subsample),C,decomp_c_prose,prioritize-long-term-wellbeing,22,11,0.953168044077135,0.19352617079889817,-0.7596418732782368,-0.7995867768595042,-0.7203512396694215,0.6081267217630852,-0.3450413223140497,-0.37396694214876036,-0.31818181818181834,,,-0.4146005509641871,-0.46900826446280997,-0.3643250688705235,,,False
200 scenarios (frozen subsample),C,decomp_c_prose,be-transparent-and-honest,23,11,0.4677206851119895,-0.22859025032938068,-0.6963109354413701,-0.8340250329380764,-0.5618906455862978,0.020421607378129127,-0.44729907773386035,-0.5421607378129117,-0.355072463768116,,,-0.2490118577075098,-0.3577239789196311,-0.13568840579710134,,,False
200 scenarios (frozen subsample),C,decomp_c_prose,design-for-equity-and-inclusion,24,11,0.7563131313131314,0.19128787878787878,-0.5650252525252526,-0.6648200757575758,-0.4425347222222222,0.6047979797979798,-0.1515151515151516,-0.2380523989898992,-0.05744949494949513,,,-0.413510101010101,-0.4772727272727272,-0.3465593434343434,,,False
200 scenarios (frozen subsample),D,decomp_d_okr,respect-user-attention,24,11,-0.0378787878787879,-0.28598484848484845,-0.24810606060606055,-0.4047032828282829,-0.0921085858585859,-0.4008838383838384,-0.3630050505050505,-0.4696969696969696,-0.2512626262626263,,,0.11489898989898994,0.02520517676767677,0.19952651515151507,,,False
200 scenarios (frozen subsample),D,decomp_d_okr,enable-meaningful-choices,22,11,0.837465564738292,0.03925619834710745,-0.7982093663911846,-0.8485192837465565,-0.7472279614325068,0.5502754820936638,-0.2871900826446282,-0.3415977961432506,-0.2362086776859502,,,-0.5110192837465564,-0.5867940771349861,-0.4359504132231406,,,False
200 scenarios (frozen subsample),D,decomp_d_okr,enhance-human-capabilities,22,11,0.8980716253443526,0.3161157024793388,-0.5819559228650137,-0.6653064738292013,-0.4882747933884297,0.7513774104683196,-0.14669421487603296,-0.19834710743801642,-0.0908574380165289,,,-0.43526170798898084,-0.49037534435261715,-0.37808195592286503,,,False
200 scenarios (frozen subsample),D,decomp_d_okr,protect-dignity-and-safety,24,11,0.8364898989898989,0.07323232323232326,-0.7632575757575757,-0.8200757575757575,-0.6919191919191919,0.47411616161616155,-0.36237373737373735,-0.41287878787878785,-0.3150252525252526,,,-0.4008838383838383,-0.46403093434343434,-0.336489898989899,,,False
200 scenarios (frozen subsample),D,decomp_d_okr,foster-healthy-relationships,25,11,0.88,-0.05151515151515151,-0.9315151515151515,-0.9945454545454545,-0.8624242424242424,0.34909090909090906,-0.530909090909091,-0.6321212121212119,-0.4369545454545453,,,-0.4006060606060606,-0.4945606060606062,-0.3030303030303031,,,False
200 scenarios (frozen subsample),D,decomp_d_okr,prioritize-long-term-wellbeing,22,11,0.953168044077135,0.19352617079889817,-0.7596418732782368,-0.7995867768595042,-0.7203512396694215,0.6067493112947658,-0.3464187327823691,-0.39189049586776864,-0.3030130853994489,,,-0.41322314049586767,-0.46764807162534433,-0.3560433884297519,,,False
200 scenarios (frozen subsample),D,decomp_d_okr,be-transparent-and-honest,23,11,0.4677206851119895,-0.22859025032938068,-0.6963109354413701,-0.8340250329380764,-0.5618906455862978,0.03623188405797102,-0.4314888010540185,-0.5401844532279315,-0.33267457180500654,,,-0.2648221343873517,-0.38740118577075094,-0.1488636363636364,,,False
200 scenarios (frozen subsample),D,decomp_d_okr,design-for-equity-and-inclusion,24,11,0.7563131313131314,0.19128787878787878,-0.5650252525252526,-0.6648200757575758,-0.4425347222222222,0.6243686868686869,-0.13194444444444453,-0.21595643939393933,-0.02967171717171723,,,-0.43308080808080807,-0.49496527777777777,-0.36867108585858605,,,False
200 scenarios (frozen subsample),E,decomp_e_abtest,respect-user-attention,24,11,-0.0378787878787879,-0.28598484848484845,-0.24810606060606055,-0.4047032828282829,-0.0921085858585859,-0.3718434343434343,-0.3339646464646464,-0.41666666666666663,-0.2524779040404041,,,0.08585858585858586,-0.016429924242424208,0.18560606060606072,,,False
200 scenarios (frozen subsample),E,decomp_e_abtest,enable-meaningful-choices,22,11,0.837465564738292,0.03925619834710745,-0.7982093663911846,-0.8485192837465565,-0.7472279614325068,0.7011019283746557,-0.13636363636363635,-0.16666666666666663,-0.10468319559228656,,,-0.6618457300275482,-0.7203856749311295,-0.6025998622589532,,,False
200 scenarios (frozen subsample),E,decomp_e_abtest,enhance-human-capabilities,22,11,0.8980716253443526,0.3161157024793388,-0.5819559228650137,-0.6653064738292013,-0.4882747933884297,0.8615702479338843,-0.03650137741046833,-0.07990702479338846,0.005509641873278293,,,-0.5454545454545454,-0.6067665289256198,-0.477944214876033,,,False
200 scenarios (frozen subsample),E,decomp_e_abtest,protect-dignity-and-safety,24,11,0.8364898989898989,0.07323232323232326,-0.7632575757575757,-0.8200757575757575,-0.6919191919191919,0.7335858585858586,-0.10290404040404033,-0.14333964646464664,-0.06439393939393945,,,-0.6603535353535352,-0.712768308080808,-0.5965751262626261,,,False
200 scenarios (frozen subsample),E,decomp_e_abtest,foster-healthy-relationships,25,11,0.88,-0.05151515151515151,-0.9315151515151515,-0.9945454545454545,-0.8624242424242424,0.556969696969697,-0.323030303030303,-0.405469696969697,-0.23937878787878789,,,-0.6084848484848485,-0.676378787878788,-0.5302878787878788,,,False
200 scenarios (frozen subsample),E,decomp_e_abtest,prioritize-long-term-wellbeing,22,11,0.953168044077135,0.19352617079889817,-0.7596418732782368,-0.7995867768595042,-0.7203512396694215,0.8519283746556475,-0.10123966942148743,-0.1322486225895318,-0.0723140495867769,,,-0.6584022038567494,-0.7079889807162534,-0.6101928374655647,,,False
200 scenarios (frozen subsample),E,decomp_e_abtest,be-transparent-and-honest,23,11,0.4677206851119895,-0.22859025032938068,-0.6963109354413701,-0.8340250329380764,-0.5618906455862978,0.24110671936758896,-0.22661396574440054,-0.3293807641633728,-0.12514822134387346,,,-0.4696969696969696,-0.6304841897233202,-0.30433135704874825,,,False
200 scenarios (frozen subsample),E,decomp_e_abtest,design-for-equity-and-inclusion,24,11,0.7563131313131314,0.19128787878787878,-0.5650252525252526,-0.6648200757575758,-0.4425347222222222,0.7569444444444445,0.0006313131313131493,-0.07072285353535343,0.09029356060606071,,,-0.5656565656565657,-0.6344854797979799,-0.49240845959595964,,,False
